VARIANT_ID	MUTATION	ACCESSION	ISOFORM
638	D400A	Q9Y5X5	1
481	Y321A	Q9Y5X5	1
1102	E310A	Q9Y5X5	1
1239	Q410A	Q9Y5X5	1
639	Y417A	Q9Y5X5	1
482	Y415A	Q9Y5X5	1
656	D355N	Q9Y468	4
827	D355A	Q9Y468	4
459	T36E	Q9Y2R2	1
615	C129S	Q9Y2R2	1
171	S35E,T36E	Q9Y2R2	1
170	L29A	Q9Y2R2	1
775	R33A	Q9Y2R2	1
934	K138A	Q9Y2R2	1
933	F28A	Q9Y2R2	1
307	S35E	Q9Y2R2	1
1273	S472D	Q9Y243	1
111	F89G	Q9UQM7	
110	T286D	Q9UQM7	
1240	H1006Y	Q9UQL6	
747	C1156Y	Q9UM73	
748	G1269A	Q9UM73	
1063	G1202R	Q9UM73	
283	R1275Q	Q9UM73	
1210	L1152R	Q9UM73	
437	F1174L	Q9UM73	
749	L1196M	Q9UM73	
1171	C645A	Q9UM07	
101	R374A	Q9UM07	
259	Q346E	Q9UM07	
260	R374K	Q9UM07	
875	Q346A	Q9UM07	
410	C553S	Q9UL62	
714	C558S	Q9UL62	
1055	I1061T	Q9UHC9	1
426	S808G	Q9P2K8	1
735	L195F	Q9NTG7	1
647	T178A	Q9H3N8	1
648	N147Y	Q9H3N8	1
339	V102A	Q9H3N8	1
812	L175V	Q9H3N8	1
1247	Q347L	Q9H3N8	1
1109	T323M	Q9H3N8	1
340	E182Q	Q9H3N8	1
582	Y309A	Q9GZQ6	
136	D294A	Q9GZQ6	
430	F311A	Q9GZQ6	
911	E205A	Q9GZQ6	
912	Y216A	Q9GZQ6	
1201	H304A	Q9GZQ6	
222	T385D	Q9BUB5	1
892	D473H	Q99835	
869	S304M	Q99814	
199	C208A	Q99685	1
813	C201A	Q99685	1
198	C201A,C208A,C242A	Q99685	1
649	C208A,C242A	Q99685	1
1110	C242A	Q99685	1
1037	E161T	Q96GD4	1
571	Q345A	Q96EB6	1
1188	F312L	Q96EB6	1
898	N346A	Q96EB6	1
732	F414A	Q96EB6	1
1052	R446A	Q96EB6	1
1053	V445A	Q96EB6	1
731	F273L	Q96EB6	1
570	I347A	Q96EB6	1
524	C436A	Q92945	
1007	C500A	Q92945	
854	K620R	Q92945	
684	K564R	Q92945	
853	K473R	Q92945	
1138	K627R	Q92945	
521	D99K	Q92847	
224	I178A	Q92847	
225	F220A	Q92847	
226	F312A	Q92847	
228	S123W	Q92847	
229	F119V	Q92847	
372	S174A	Q92847	
373	M213A	Q92847	
375	F119H	Q92847	
376	F119Y	Q92847	
1269	F119A	Q92847	
1270	S123T	Q92847	
1000	S123A	Q92847	
1001	N305A	Q92847	
1002	F279A	Q92847	
1005	S123V	Q92847	
1133	Q120A	Q92847	
1134	S217A	Q92847	
675	R283Q	Q92847	
676	E124Q	Q92847	
842	S123D	Q92847	
843	V216A	Q92847	
846	S123Y	Q92847	
847	D99N	Q92847	
520	F119S	Q92847	
112	C29S,A128E	Q92843	
1078	E305A	Q92731	1
719	L20P	Q8WZA0	1
1222	H843Y	Q8WUI4	
1264	N93D	Q8TDU6	
660	S270A	Q8TDU6	
659	Y89F	Q8TDU6	
1122	E169A	Q8TDU6	
1121	Y89A	Q8TDU6	
1120	N76A	Q8TDU6	
990	N93A	Q8TDU6	
466	C578A	Q8NER1	1
177	E649A	Q8NER1	1
1094	C621A	Q8NER1	1
1089	N604A	Q8NER1	1
622	E600V	Q8NER1	1
943	F660A	Q8NER1	1
640	K240S,F241G	Q8N5Z0	1
1282	R862A	Q7Z2W7	1
1283	Y745H	Q7Z2W7	1
1012	R842K	Q7Z2W7	1
1146	H845A	Q7Z2W7	1
238	L1009R	Q7Z2W7	1
530	R842A	Q7Z2W7	1
531	R851Q	Q7Z2W7	1
237	K856A	Q7Z2W7	1
387	K856R	Q7Z2W7	1
1173	G2019S	Q5S007	
878	G2019S,A2016T	Q5S007	
715	A2016T	Q5S007	
755	T654M	Q16832	
448	H102W,S332G,N333T	Q16719	1
925	N333T	Q16719	1
300	S332G,N333T	Q16719	1
765	H102W,N333T	Q16719	1
377	K147R	Q16595	1
1292	T106M	Q16539	
1065	Y641N	Q15910	1
239	T106M	Q15759	
563	F161A	Q14994	2
261	N165A	Q14994	2
109	H203A	Q14994	2
718	I164A	Q14994	2
411	S113A	Q13547	
818	S161E	Q13546	1
819	K45M	Q13546	1
273	S16A,Y23A	Q13526	
1225	D101A	Q13224	
1226	D104A	Q13224	
1228	D557A	Q13224	
1229	F182A	Q13224	
944	T103A,K234A	Q13224	
945	T103A	Q13224	
948	F642A	Q13224	
949	E552A	Q13224	
950	S548A	Q13224	
951	E236A	Q13224	
953	E657A	Q13224	
954	Q656A	Q13224	
1095	T647A	Q13224	
1096	L643A,S645A	Q13224	
780	S645A,T103A	Q13224	
786	Y646A	Q13224	
787	A644C	Q13224	
788	S645A	Q13224	
789	V640A	Q13224	
790	F550A	Q13224	
791	T233A	Q13224	
792	S645A,K234A	Q13224	
793	N615A	Q13224	
794	N616A	Q13224	
798	S645A,I641A	Q13224	
799	M654A	Q13224	
467	A652T	Q13224	
468	L643A,T647A	Q13224	
469	F653A	Q13224	
623	F554A	Q13224	
624	N542A	Q13224	
625	E106A	Q13224	
626	L650A	Q13224	
630	S555A	Q13224	
631	T544A	Q13224	
632	V558A	Q13224	
633	W559A	Q13224	
634	I655A	Q13224	
178	L643A,T103A	Q13224	
182	I641A	Q13224	
183	K234A	Q13224	
184	A648C	Q13224	
185	A651T	Q13224	
187	E658A	Q13224	
316	N649A	Q13224	
317	L643A	Q13224	
318	T647T	Q13224	
319	S546A	Q13224	
320	F176A	Q13224	
321	L643A,K234A	Q13224	
322	L643C,T647A	Q13224	
181	L439C	Q13002	1
350	Y652F	Q12809	
1259	F656M	Q12809	
983	L553A	Q12809	
984	Y667A	Q12809	
988	F656W	Q12809	
1113	F656T	Q12809	
652	S631A,L666A	Q12809	
816	Y652A	Q12809	
817	G628C,S631C	Q12809	
822	S624T	Q12809	
495	F557L	Q12809	
496	L666A	Q12809	
501	F656A	Q12809	
650	G628C,N588K	Q12809	
651	I662A	Q12809	
201	S631A	Q12809	
204	S624A	Q12809	
205	T623S	Q12809	
346	L550A	Q12809	
347	S620T,L666A	Q12809	
348	V549A	Q12809	
1252	N658A	Q12809	
1253	V659A	Q12809	
572	R1627K	Q09472	
1057	G1626A	Q09472	
1192	Y1397F	Q09472	
1191	S1396A	Q09472	
478	F435T	Q08881	
402	L148F	Q07973	1
1294	M416T	Q07973	1
668	T279A	Q07869	1
1126	L258W	Q07869	1
834	A454M	Q07869	1
746	R263A	Q07820	1
1157	A93V	Q07817	
703	A142G	Q07817	
1156	E96G	Q07817	
1155	L130V	Q07817	
1154	G196A	Q07817	
1153	L130G	Q07817	
1024	Y195A	Q07817	
1023	R100E	Q07817	
1293	F97V	Q07817	
540	A142T	Q07817	
539	Y195F	Q07817	
401	V141A	Q07817	
400	L130A	Q07817	
399	Y101H	Q07817	
867	Y101A	Q07817	
868	E129H	Q07817	
398	E96A	Q07817	
121	T474I	Q06187	
272	E41K	Q06187	
896	R28H	Q06187	
1123	K364R	Q06124	1
830	E76K	Q06124	1
820	V297L	Q05513	1
202	L328F	Q05513	1
1172	C27S	Q04864	1
939	H222S	Q04828	
1087	F311L	Q04828	
618	L308A	Q04828	
619	L308V	Q04828	
174	L306A	Q04828	
309	F311A	Q04828	
310	L54V	Q04828	
1125	Q207D	Q04771	
1136	K699S	Q04609	
723	C120S	Q04206	1
1046	C38S	Q04206	1
460	R849W	Q02763	1
1088	Y897S	Q02763	1
344	S218D,S222D	Q02750	1
345	S218E,S222E	Q02750	1
518	M486A	Q02156	
697	M272L,I291M,R344M	Q01959	
698	M272L,R344M	Q01959	
244	R344M	Q01959	
391	P387A	Q01959	
390	A480T	Q01959	
863	I390V	Q01959	
1284	F472L	Q01959	
417	C464A	Q00987	
882	L33E	Q00987	1
1045	F55W	Q00987	
266	K98W	Q00987	
722	T101W	Q00987	
614	S326E	Q00613	
613	S326A	Q00613	
913	D182A	P61073	1
743	I259A	P61073	1
923	Y256A	P61073	1
924	E288A,L290A	P61073	1
1202	H113A	P61073	1
1203	F174A	P61073	1
1204	D187A	P61073	1
1205	V196A	P61073	1
1206	Q200A	P61073	1
1207	E288A	P61073	1
1209	I259W	P61073	1
1217	A175F	P61073	1
137	H281A	P61073	1
144	V280A	P61073	1
145	G207W	P61073	1
281	N176A	P61073	1
282	E275A	P61073	1
295	S263A	P61073	1
296	D171N	P61073	1
431	V112A	P61073	1
432	L120F	P61073	1
433	D181A	P61073	1
434	Y255A	P61073	1
435	D262A	P61073	1
444	W283A	P61073	1
583	D171A	P61073	1
584	F172A	P61073	1
585	H203A	P61073	1
586	G207F	P61073	1
600	T287A	P61073	1
601	Q200W	P61073	1
603	I284A	P61073	1
741	V99A	P61073	1
742	E277A	P61073	1
914	D262N	P61073	1
217	C175A,R40C	P58335	1
833	R40C	P58335	1
1160	H976Y	P56524	
1026	E200A	P54098	
1185	Y126T	P53609	1
1186	F52Y,Y126T	P53609	1
271	F52Y,F53Y,Y126T	P53609	1
836	T210D	P53350	
1040	A133D	P52732	
881	D130V,A133D	P52732	
562	I299F	P52732	
108	D130V	P52732	
397	S207E,T211E	P52564	1
702	S207D,T211D	P52564	1
499	T175A	P51955	1
500	C22V	P51955	1
942	C496S	P51813	
977	C436V	P51812	
978	T493M	P51812	
665	Y41A	P51677	1
216	E287Q	P51677	1
666	Y113A	P51677	1
106	T75P,R151X	P50897	
1297	S290C,M292D	P49768	1
253	P117L	P49768	1
406	L166P	P49768	1
709	S290C	P49768	1
549	G384A	P49768	1
550	M292D	P49768	1
548	M292D,M146L	P49768	1
299	F55I	P49674	
602	K69R	P49674	
760	S67T	P49674	
107	W102T	P49356	1
717	Y154T	P49356	1
1039	W102T,Y154T	P49356	1
1038	W102T,Y154T,Y205T	P49356	1
880	W102T,Y365F	P49356	1
604	T67S	P48730	1
1071	R69K	P48730	1
761	I55F	P48730	1
1271	C163S	P45984	
123	C335A	P45974	1
124	H818A	P45974	1
1190	C335A,H818A	P45974	1
1072	D181A	P42574	
606	D179A	P42574	
298	D180A	P42574	
962	K2095P,T2098L,W2101F	P42345	
963	W2101F	P42345	
475	I2021T	P42345	
721	D862Q	P42338	
1244	E545K	P42336	
488	H1047R	P42336	
1246	H1047Y	P42336	
979	Y836A	P42336	
646	I800L	P42336	
491	H1047L	P42336	
490	M772A	P42336	
489	D810A	P42336	
197	E545A	P42336	
654	Q546K	P42336	
337	C420R	P42336	
338	M1043I	P42336	
1245	E542K	P42336	
777	F306L	P42330	1
617	S129I	P42330	1
938	W227Y	P42330	1
776	S118F	P42330	1
173	F311L	P42330	1
1085	Q222H	P42330	1
1086	M120V	P42330	1
486	E291A	P41597	
973	T292A	P41597	
1050	R177A,R180A	P41231	
1183	Y118A	P41231	
1184	R194H	P41231	
895	R272A	P41231	
119	R194A	P41231	
893	R177A	P41231	
894	Y198A	P41231	
120	C278S	P41231	
567	R180A	P41231	
568	S296A	P41231	
729	Y114A	P41231	
900	E837A	P41180	1
810	R188I	P40313	
1108	R834Q	P36888	1
804	D835Y	P36888	1
641	N841I	P36888	1
332	K663Q	P36888	1
191	D835H	P36888	1
716	F345W	P35462	1
413	S196A	P35462	1
414	D110E	P35462	1
561	V87F,F106L,V107M	P35462	1
879	V87F	P35462	1
1174	V180E,S182I	P35462	1
105	H349A	P35462	1
865	S111T	P35367	
1150	S111A	P35367	
864	N460L	P35367	
1016	S111C	P35367	
1285	N460S	P35367	
1017	N460C	P35367	
245	N460Q	P35367	
897	Q263N	P35228	1
730	E377A	P35228	1
422	Q263A	P35228	1
569	F286I,V305L	P35228	1
1187	Y347F,Y373F	P35228	1
1060	Q63R	P34972	
670	C271R	P32245	
838	I102S	P32245	
837	D122A	P32245	
1267	L106P	P32245	
1131	I69T	P32245	
1130	C271Y	P32245	
221	A219V	P32245	
134	I352A	P32238	
176	M195A	P32238	
1196	R336A	P32238	
1224	W39A	P32238	
778	F107A	P32238	
427	N333A	P32238	
132	R197A	P32238	
133	F330A	P32238	
845	C310A	P31749	1
679	C296A,C310A	P31749	1
1004	M227G	P31749	1
844	M227G,D292A	P31749	1
1272	C296A	P31749	1
519	M227G,R25C	P31749	1
227	S473D	P31749	1
451	G498C	P31645	1
1076	W103C	P31645	1
769	T497A	P31645	1
609	C109A	P31645	1
156	K490T	P31645	1
351	F136A	P30989	
823	W129A	P30989	
352	I329G	P30989	
353	Y328A,I329A,S330A	P30989	
209	F127A	P30989	
1114	W134A	P30989	
1260	H131A	P30989	
206	P133A	P30989	
409	H306E	P30968	1
408	F309L	P30968	1
713	L300A	P30968	1
712	F272L	P30968	1
577	N27A	P30968	1
557	Y284L	P30968	1
556	H306A	P30968	1
131	D302A	P30968	1
874	F313L	P30968	1
1059	Q208E	P30968	1
258	Y290L	P30968	1
257	F309Q	P30968	1
909	D302N	P30968	1
130	M24I	P30968	1
143	N111G	P30556	
423	Y296A	P30419	
265	Y315F	P29371	
720	Y247F	P29371	
1178	Y247W	P29371	
1177	Y247A	P29371	
1043	H316W	P29371	
1042	H316F	P29371	
200	H278A	P29274	
493	N253A	P29274	
494	Y271A	P29274	
815	M177A	P29274	
1251	L167A	P29274	
1250	T88A	P29274	
1249	I66A	P29274	
1111	N181A	P29274	
982	S277A	P29274	
981	L85A	P29274	
158	F340L	P28223	1
168	F264Y	P25103	1
246	K99A	P25024	1
763	F80G	P24941	1
151	L83V,H84D	P24941	1
605	F82H,L83V,H84D,K89T	P24941	1
762	K89T	P24941	1
297	F82H	P24941	1
152	F82H,L83V,H84D	P24941	1
484	D547A	P23975	1
485	L232P	P23975	1
190	N192D	P23975	1
192	H296S	P23975	1
193	L543P	P23975	1
194	L169T	P23975	1
1236	N170E	P23975	1
1237	D175A	P23975	1
1238	S225H	P23975	1
1103	L469A	P23975	1
1104	P552D	P23975	1
1241	D298A	P23975	1
1242	D310A	P23975	1
1243	T381K	P23975	1
805	D473A	P23975	1
806	E382A	P23975	1
807	E393A	P23975	1
808	E223Q	P23975	1
809	G193S	P23975	1
964	K189H	P23975	1
968	D546G	P23975	1
969	E304A	P23975	1
970	K463N	P23975	1
971	T474H	P23975	1
972	F207T	P23975	1
642	L469F	P23975	1
643	H178N	P23975	1
644	G177N	P23975	1
327	H228D	P23975	1
328	A384P	P23975	1
333	D378A	P23975	1
334	W556A	P23975	1
335	Q234R	P23975	1
476	E122A	P23975	1
365	T412E	P23443	1
828	D18H,T412E	P23443	
492	Y453A	P22736	1
1211	K650M	P22607	1
588	S249C	P22607	1
438	K650E	P22607	1
589	G697C	P22607	1
672	N549H	P21802	1
470	F170L	P21554	1
1233	F200L	P21554	1
1232	S383A	P21554	1
323	W279A	P21554	1
627	K192L	P21554	1
711	F225A	P20309	
710	K213A	P20309	
555	N508A	P20309	
554	D518A	P20309	
553	E220A	P20309	
1168	K523A	P20309	
1034	E228A	P20309	
1033	F222A	P20309	
255	Q224A	P20309	
254	R133A	P20309	
645	A190S	P20231	
311	A272W	P19793	1
941	C432W	P19793	1
175	V298S	P19793	1
461	F313A	P19793	1
150	C215S	P18031	
453	P140K	P16455	
454	S159A	P16455	
980	W273L	P16278	1
1248	R457Q	P16278	1
814	R201H	P16278	1
341	Y83H	P16278	1
342	R201C	P16278	1
343	I51T	P16278	1
595	V561D	P16234	1
1212	D842V	P16234	1
594	T674I	P16234	1
1067	T160M	P16234	1
421	V600E	P15056	
996	Y224F	P14920	
669	Y224A	P14920	
997	E341A	P14735	1
1223	S193T,S197T	P14416	1
932	E181V,I183S	P14416	1
1256	K1250A	P13569	1
498	G551D	P13569	1
919	S345C	P12931	1
750	T341M	P12931	1
1198	R274L	P11473	1
1197	H397A	P11473	1
428	S235A	P11473	1
740	K240A	P11473	1
739	Q239A	P11473	1
579	H305A	P11473	1
578	D149A	P11473	1
522	V561M	P11362	1
803	Y381A	P11229	1
693	K57A	P11086	
358	V559D,V654A	P10721	1
357	V559D	P10721	1
824	K642E	P10721	1
825	T670I	P10721	1
504	D816V	P10721	1
505	V559D,T670I	P10721	1
506	V560G	P10721	1
503	D816H	P10721	1
989	L576P	P10721	1
1262	A829P	P10721	1
507	V654A	P10721	1
515	W31A	P10599	1
1068	L552P	P10253	
752	S529V,S619R	P10253	
596	G549R	P10253	
141	T373K	P08913	
278	S119A	P08684	
1093	Y1230C	P08581	1
313	M1250T	P08581	1
463	N1100Y	P08581	1
179	Y1235D	P08581	1
314	Y1235H	P08581	1
621	H1094R	P08581	1
620	Y1230H	P08581	1
464	D1228H	P08581	1
166	I306R,L339C,F728C	P08183	1
304	T199R,L339C,F728C	P08183	1
1081	M197C	P08183	1
1082	G203C	P08183	1
773	T199C	P08183	1
774	F343R,L339C,F728C	P08183	1
165	F208C	P08183	1
164	G207C	P08183	1
163	I205C	P08183	1
162	F204C	P08183	1
161	F201C	P08183	1
160	G191C	P08183	1
159	I190C	P08183	1
458	T209C	P08183	1
457	F200C	P08183	1
455	F194C	P08183	1
456	Q195C	P08183	1
772	S196C	P08183	1
771	F193C	P08183	1
770	C137A,C431A,C717A,C956A,C1074A,C1125A,C1227A	P08183	1
611	V206C	P08183	1
931	A198C	P08183	1
930	T202C	P08183	1
929	M192C	P08183	1
330	Y104A	P08172	
331	W422A	P08172	
480	Y177Q,T423H	P08172	
479	Y177Q	P08172	
975	P23H	P08100	
902	M918T	P07949	1
904	Y791F	P07949	1
903	V804L	P07949	1
574	V804M	P07949	1
126	C634R	P07949	1
446	C137Y	P07686	
147	P417L	P07686	
148	P504S	P07686	
759	T150P,P417L	P07686	
445	R505Q	P07686	
918	D192G,F193V	P07550	
917	Y308A	P07550	
140	V117C	P07550	
286	T164I	P07550	
290	N293Q	P07550	
289	N293L	P07550	
288	N293F	P07550	
287	N293A	P07550	
215	G269S	P06865	1
1255	R301Q	P06280	
439	T342G	P06241	1
440	T342G,S349C	P06241	1
915	S349C	P06241	1
1064	V285C	P06241	1
1105	K670N,M671L	P05067	
1200	R280K	P04637	1
280	R273H	P04637	1
135	Y220C	P04637	1
581	R337H	P04637	1
1199	G245C	P04637	1
1061	P151S	P04637	1
308	Q570A	P04150	
937	R611A	P04150	
1300	N370S	P04062_3KE0	
146	Y340D,Y341D	P04049	1
364	E353A	P03372	1
826	D351G	P03372	1
872	G12D	P01116	
1298	G12V	P01116	
1148	N67I	P00918	
243	A65S,N67Q	P00918	
862	Q92V	P00918	
208	L861Q	P00533	1
356	T790M,L858M	P00533	1
655	L861R,T790M	P00533	1
502	G719S	P00533	1
354	L858R	P00533	1
1115	G719C	P00533	1
207	L858R,T790M	P00533	1
355	T790M	P00533	1
329	F317V	P00519	
637	T315N	P00519	
967	T315A	P00519	
966	Y253H	P00519	
965	Y253F	P00519	
961	M351T	P00519	
1235	F317L	P00519	
477	F359V	P00519	
802	E255K	P00519	
801	T315I	P00519	
800	F317I	P00519	
797	Q252H	P00519	
796	G250E	P00519	
960	H396P	P00519	
189	E255V	P00519	
447	H257G	P00491	
1025	R145W	O96017	1
1158	I157T	O96017	1
374	E297G	O95342	
1194	H173A	O94760	1
901	C275A	O94760	1
534	R132C	O75874	
1014	R132H	O75874	
580	M498T	O75582	1
592	V617F	O60674	
416	W220Y	O60218	
415	F123A	O60218	
264	K125L,V301L	O60218	
263	K125L	O60218	
262	V301L	O60218	
1175	S304A	O60218	
1044	Q114T	O60218	
1041	Q303S	O60218	
1176	V301L,Q303S	O60218	
1073	I408V	O43613	
559	V127T	O15530	1
412	Y288G,Q292A	O15530	1
876	L155S	O15530	1
560	T226W	O15530	1
102	I119A	O15530	1
616	R220K	O14965	
172	L215R	O14965	
935	T217E	O14965	
936	T288D	O14965	
1084	N244A	O14842	
1083	R183A	O14842	
612	H137F	O14842	
305	H86F	O14842	
167	L186F	O14842	
667	S422D	O00141	1

